domain,master_var_name,concept,Sign Up Survey,2023 Survey,2025 Survey,Sign Up Survey Coding Type,2023 Survey Coding Type,2025 Survey Coding Type,Column Harmonisation,Master Dataframe Coding Type,notes
Other,puprn,unique respondent identifier,PUPRN,PUPRN,puprn,identifier,identifier,identifier,,,Primary key
Other,survey,survey information,,,,,,,,,
Other,completed_survey,households that completed the survey,,,,,,,,,
Other,date_completed,Date that survey has been completed - datetime format,,,,,,,,,
Other,date_completed_string,Date that survey has been  - text format,,,,,,,,,
Other,wave,wave information,,,,,,,,,
Other,smart_meter_own,knowledge of having smart meter,A1,,,1,,,,,
Behaviour,el_gas_use_beh,electricity or gas use behaviour,A2,,,2,,,,,
Energy,heating_type_none,no central heating,A301,B2_1_yes,Q15_1,3,A,26,Yes,1.0,Survey2025: What's the difference between the Q15 questions and the Q15B?
Energy,heating_gas,gas heating present,A302,B2_2_yes,Q15_2,3,A,26,Yes,1.0,
Energy,heating_el_storage,electric storage heaters present,A303,B2_3_yes,Q15_3,3,A,26,Yes,1.0,
Energy,heating_el_radiators,electric radiators present,A304,B2_4_yes,Q15_4,3,A,26,Yes,1.0,
Energy,heating_other_elec,other electric heating present,A305,B2_6_yes,Q15_6,3,A,26,Yes,1.0,
Energy,heating_oil,oil heating present,A306,B2_7_yes,Q15_7,3,A,26,Yes,1.0,
Energy,heating_soild_fuel,solid fuel present,A307,B2_8_yes,Q15_8,3,A,26,Yes,1.0,
Energy,heating_biomass,biomass present,A308,B2_9_yes,Q15_9,3,A,26,Yes,1.0,
Energy,heating_district,district or community present,A309,B2_10_yes,Q15_10,3,A,26,Yes,1.0,
Energy,heating_other,other heating present,A310,B2_11_yes,Q15_11,3,A,26,Yes,1.0,
Energy,heating_timer,central heating controls-timer,A401,,,4,,,,,
Energy,heating_temp_set,central heating controls-temperature setting,A402,,,4,,,,,
Energy,heating_smart_dev,central heating controls-smart device,A403,,,4,,,,,
Energy,heating_manually,central heating controls-manually,A404,,,4,,,,,
Energy,heating_no_controls,central heating controls-none of the above,A405,,,4,,,,,
Energy,heating_control_?,central heating controls-don't know,A406,,,4,,,,,
Energy,thermostat_C,temperature controller set at for late afternoons and evenings_Degrees C,A5_degC,A1_corr_C,Q23AR1 / Q23AR2,temperature,temperature,,,,Kept the corrected degrees C values. 
Appliances,standalone_heater,use of standalone heaters,A6,A8,Q23B,5,A,26,Yes,1.0,
Appliances,stand_heater_own_power,any of your standalone heaters have their own source of power,A7,A9,Q23C,6,U,40,Yes,3.0,
Appliances,stand_heater_use,"In very cold winter weather, how often are these standalone heaters typically used?",A8,A10,,7,V,,Yes,4.0,Assumed that they are using the standalone heaters instead of heating.
Behaviour,heat_adjust_cold,Do you adjust your heating - When especially cold,A901,,,3,,,,,
Behaviour,heat_adjust_baby,"Do you adjust your heating - Because of children, infants, babies",A902,,,3,,,,,
Behaviour,heat_adjust_visitors,Do you adjust your heating - Visitors,A903,,,3,,,,,
Behaviour,heat_adjust_pets,Do you adjust your heating - Pets,A904,,,3,,,,,
Behaviour,heat_adjust_stress,Do you adjust your heating - Stress,A905,,,3,,,,,
Behaviour,heat_adjust_WFH,Do you adjust your heating - Working from home,A906,,,3,,,,,
Behaviour,heat_adjust_none,Do you adjust your heating - none of these,A907,,,3,,,,,
Behaviour,heat_adjust_unocc,how do you adjust heating controls when house is unoccupied,A10,A7,,8,B,,Yes,5.0,
Behaviour,unheated_spaces,"During the winter, are there living spaces not normally heated?",A11,A2,Q25,1,A,26,Yes,6.0,
Water,tap_gas,Tap water heated (Gas Boiler),A12_Taps_GB,,,3,,,,,
Water,tap_electric,Tap water heated (Electric Heater),A12_Taps_EH,,,3,,,,,
Water,tap_solar,Tap water heated (Solar Water Heater),A12_Taps_SWH,,,3,,,,,
Water,tap_other,Tap water heated (Other),A12_Taps_Other,,,3,,,,,
Water,no_tap_heat,Tap water heated (Not Applicable),A12_Taps_NA,,,3,,,,,
Water,tap_heat_?,Tap water heated (Don't know),A12_Taps_DK,,,3,,,,,
Water,shower_gas,Shower water heated (Gas Boiler),A12_Shower_GB,,,3,,,,,
Water,shower_electric,Shower water heated (Electric Heater),A12_Shower_EH,,,3,,,,,
Water,shower_solar,Shower water heated (Solar Water Heater),A12_Shower_SWH,,,3,,,,,
Water,shower_other,Shower water heated (Other),A12_Shower_Other,,,3,,,,,
Water,no_shower_heat,Shower water heated (Not Applicable),A12_Shower_NA,,,3,,,,,
Water,shower_heat_?,Shower water heated (Don't know),A12_Shower_DK,,,3,,,,,
Behaviour,switch_off_lights_freq,How often do you .. Switch off lights,A13_01,A5_1,Q22R1,8,C,27,Yes,7.0,
Behaviour,clothes_freq,How often do you .. Put on more clothes when cold,A13_02,A5_2,Q28R1,8,C,27,Yes,7.0,
Behaviour,energy_save_effort,How much effort do you say your household makes to limit energy usage,A14,A12,Q19,10,D,28,Yes,8.0,
Behaviour,open_window_cold,How often will your household open the windows .. on a typical cold day,A1501,,Q27,11,,29,Yes,9.0,
Behaviour,open_window_warm,How often will your household open the windows .. on a typical warm day,A1502,,,11,,,,,
Energy,heating_upgrade_no,Considering replacing or adding heating or energy- Not considering,A1601,,,3,,,,,
Energy,heating_upgrade_na,Considering replacing or adding heating or energy- Not applicable,A1602,,,3,,,,,
Energy,heating_upgrade_GB,Considering replacing or adding heating or energy- Gas Boiler,A1603,,,3,,,,,
Energy,heating_upgrade_EL,Considering replacing or adding heating or energy- Solar panels for electricity,A1604,,,3,,,,,
Energy,heating_upgrade_SW,Considering replacing or adding heating or energy- Solar water heating,A1605,,,3,,,,,
Energy,heating_upgrade_FB,Considering replacing or adding heating or energy- Wood or fuel burner,A1606,,,3,,,,,
Energy,heating_upgrade_HP,Considering replacing or adding heating or energy- Heat pump,A1607,,,3,,,,,
Energy,heating_upgrade_HPU,Considering replacing or adding heating or energy- Micro combined HPU,A1608,,,3,,,,,
Energy,heating_upgrade_WT,Considering replacing or adding heating or energy- Wind turbine,A1609,,,3,,,,,
Energy,heating_upgrade_other,Considering replacing or adding heating or energy- other specify,A1610,,,3,,,,,
Housing,accom_type,What type of accommodation do you live in,B1,,,12,,,,,
Housing,self_contained,Is your accommodation self contained?,B2,,,13,,,,,
Housing,no_house_share,How many other households do you share with?,B3,,,14,,,,,
Housing,own_or_rent,Do you own or rent this accommodation,B4,,,15,,,,,
Housing,no_rooms,How many rooms are available for use by this household?,B5,,,16,,,,,
Housing,no_bedrooms,How many of these rooms count as bedrooms,B6,,,16,,,,,
Environment,cold_weather_comfort,During the cold winter weather can you keep comfortably warm?,B7,,,17,,,,,
Environment,house_condition,"Do you have problems with condensation, damp or mould?",B8,B5,,17,E,,Yes,10.0,
Housing,house_age,When was your accommodation built?,B9,,,18,,,,,
Appliances,electric_oven,Appliances in accommodation - Kitchen - Electric Oven,B1001,,Q13_1,3,,26,Yes,11.0,
Appliances,gas_oven,Appliances in accommodation - Kitchen - Gas Oven,B1002,,Q13_2,3,,26,Yes,11.0,
Appliances,electric_hob,Appliances in accommodation - Kitchen - Electric Hob,B1003,,Q13_3,3,,26,Yes,11.0,
Appliances,gas_hob,Appliances in accommodation - Kitchen - Gas Hob,B1004,,Q13_5,3,,26,Yes,11.0,
Appliances,dishwasher,Appliances in accommodation - Kitchen - Dishwasher,B1005,,Q13_7,3,,26,Yes,11.0,
Appliances,fridge_freezer,Appliances in accommodation - Kitchen - Fridge or fridge-freezer,B1006,,Q13_8,3,,26,Yes,11.0,
Appliances,freezer,Appliances in accommodation - Kitchen - Separate stand alone freezer,B1007,,Q13_9,3,,26,Yes,11.0,
Appliances,washer_dryer,Appliances in accommodation - Laundry - Combined clothes washer dryer,B1008,,Q13_10,3,,26,Yes,11.0,
Appliances,washer,Appliances in accommodation - Laundry - Washing machine,B1009,,Q13_11,3,,26,Yes,11.0,
Appliances,dryer,Appliances in accommodation - Laundry - Tumble dryer,B1010,,Q13_12,3,,26,Yes,11.0,
Appliances,laptop_PC,"Appliances in accommodation - Consumer electronics - Laptop, computer",B1011,,Q13_17,3,,26,Yes,11.0,
Appliances,TV,Appliances in accommodation - Consumer electronics - TV,B1012,,Q13_18,3,,26,Yes,11.0,
Appliances,AC,Appliances in accommodation - Cooling - air conditioning unit,B1013,,Q13_21,3,,26,Yes,11.0,
Appliances,cooling_fan,Appliances in accommodation - Cooling - cooling fan,B1014,,Q13_22,3,,26,Yes,11.0,
Demographics,no_occupants,How many people live in household?,C1_new,D1,Q1,numeric,numeric,numeric,,,
Demographics,male_0_15,Males in household (0-15),C2_Male_0_15,,Q1R1C1,19,,30,Yes,12.0,
Demographics,male_16_24,Males in household (16-24),C2_Male_16_24,,Q1R2C1,19,,30,Yes,12.0,
Demographics,male_25_44,Males in household (25-44),C2_Male_25_44,,Q1R3C1,19,,30,Yes,12.0,
Demographics,male_45_64,Males in household (45-64),C2_Male_45_64,,Q1R4C1,19,,30,Yes,12.0,
Demographics,male_65_74,Males in household (65-74),C2_Male_65_74,,Q1R5C1,19,,30,Yes,12.0,
Demographics,male_75_84,Males in household (75-84),C2_Male_75_84,,Q1R6C1,19,,30,Yes,12.0,
Demographics,male_85plus,Males in household (85+),C2_Male_85_plus,,Q1R7C1,19,,30,Yes,12.0,
Demographics,female_0_15,Females in household (0-15),C2_Female_0_15,,Q1R1C2,19,,30,Yes,12.0,
Demographics,female_16_24,Females in household (16-24),C2_Female_16_24,,Q1R2C2,19,,30,Yes,12.0,
Demographics,female_25_44,Females in household (25-44),C2_Female_25_44,,Q1R3C2,19,,30,Yes,12.0,
Demographics,female_45_64,Females in household (45-64),C2_Female_45_64,,Q1R4C2,19,,30,Yes,12.0,
Demographics,female_65_74,Females in household (65-74),C2_Female_65_74,,Q1R5C2,19,,30,Yes,12.0,
Demographics,female_75_84,Females in household (75-84),C2_Female_75_84,,Q1R6C2,19,,30,Yes,12.0,
Demographics,female_85plus,Females in household (85+),C2_Female_85_plus,,Q1R7C2,19,,30,Yes,12.0,
Demographics,no_occupants_under_16,Number of occupants aged under 16,C2_tot_child,,,numeric,,,,,
Demographics,no_occupants_over_16,Number of occupants aged 16+,C2_tot_adult,,,numeric,,,,,
Demographics,no_occupants_over_65,Number of occupants aged 65+,C2_tot_65_plus,,,numeric,,,,,
Demographics,no_occupants_over_65_all,All occupants aged 65+,C2_all_65_plus,,,19,,,,,
Demographics,work_hours_30+,Working Status - Working 30 + hours per week,C301,D3_1,Q2R1,19,F,31,Yes,13.0,
Demographics,work_hours_30-,Working Status - Working less than 30 hours per week,C302,D3_2,Q2R2,19,F,31,Yes,13.0,
Demographics,no_work_disable,Working Status - Not Working - long term sickness or disability,C303,D3_3,Q2R3,19,F,31,Yes,13.0,
Demographics,unemployed,Working Status - Unemployed but seeking work,C304,D3_4,Q2R4,19,F,31,Yes,13.0,
Demographics,student,Working Status - Student,C305,D3_5,Q2R5,19,F,31,Yes,13.0,
Demographics,retired_WFH,Working Status - Retired / at home / not seeking work,C306,D3_6,Q2R6,19,F,31,Yes,13.0,
Demographics,work_status_other,Working Status - Other,C307,D3_7,Q2R7,19,F,31,Yes,13.0,
Demographics,none_working,No adults work,None_working,,,3,,,,,
Demographics,degree_holders,How many people in household hold a degree or higher qualification?,C4,,Q44,20,,30,Yes,14.0,
Demographics,degree_prefernosay,How many people in household hold a degree or higher qualification? - Prefer not to say,,,Q44DK_1,,,,,,
Appliances,EV_present,Does household have plug in electric vehicle?,C5,,,17,,,,,
Behaviour,EV_charge_time,When does household charge electric vehicle at home?,C6,,Q36,21,,32,Yes,15.0,
Demographics,age_group,Age Group,D1_new,,,22,,,,,
Demographics,gender,Gender,D2_new,,,23,,,,,
Demographics,current_employment_status,Current Employment Status,D3_new,,,24,,,,,
Finance,financial_status,How well do you manage financially?,D4,E1,Q47,25,G,33,Yes,16.0,
Behaviour,boiler_flow_temp,"During this winter, have you reduced the flow temperature of your boiler?",,A3,,,A,,,,
Behaviour,heat_less_hours,"During this winter, have you heated your house for fewer hours than in previous winters?",,A4,,,A,,,,
Behaviour,vacant_heat_off,Turn down your thermostat or turn off your heating when you leave the house,,A5_3,Q28R2,,C,27,Yes,17.0,
Behaviour,standalone_heatoff,Use a standalone heater rather than putting the heating on or turning it up,,A5_4,Q28R4,,C,27,Yes,17.0,
Behaviour,elect_blanket_use,"Use an electric blanket, hot water bottle or similar when feeling cold rather than putting the heating on or turning it up",,A5_5,Q28R5,,C,27,Yes,17.0,
Behaviour,vacant_room_heatoff,Turn down radiators when rooms are not in use,,A5_6,Q28R6,,C,27,Yes,17.0,
Behaviour,occupied_room_heatoff,Turn down radiators in rooms that are in use,,A5_7,Q28R7,,C,27,Yes,17.0,
Behaviour,full_load_washer,Run the washing machine with a full load rather than running it part full,,A5_8,Q22R2,,C,27,Yes,17.0,
Behaviour,washer_30C,Run the washing machine at 30 degrees or lower,,A5_9,Q22R3,,C,27,Yes,17.0,
Behaviour,no_dryer_use,Dry clothes without using a tumble dryer,,A5_10,Q22R4,,C,27,Yes,17.0,
Behaviour,standby_off,Turn appliances off standby when they are not in use,,A5_11,Q22R5,,C,27,Yes,17.0,
Behaviour,curtains_blinds,Close curtains / blinds at night,,A5_12,Q22R6,,C,27,Yes,17.0,
Behaviour,shower_no_bath,Take a shower rather than having a bath,,A5_13,Q22R7,,C,27,Yes,17.0,
Behaviour,short_showers_no_long,Take short showers rather than longer showers,,A5_14,Q22R8,,C,27,Yes,17.0,
Behaviour,dishwasher_use_freq,How often do you use the dishwasher rather than washing up?,,A5_15,,,C,,,,
Behaviour,avoid_cooker_oven,Avoid using the cooker or oven when preparing a main meal,,A5_16,Q22R9,,C,27,Yes,17.0,
Behaviour,lights_off_compare,Switched off lights in rooms that aren’t being used - Compare to last winter,,A6_1,,,N,,,,
Behaviour,clothes_on_compare,Put more clothes on when feeling cold rather than putting the heating on or turning it up - Compare to last winter,,A6_2,,,N,,,,
Behaviour,heat_off_compare,Turned down your thermostat or turn off your heating when you leave the house - Compare to last winter,,A6_3,,,N,,,,
Behaviour,standalone_compare,Used a standalone heater rather than putting the heating on or turning it up - Compare to last winter,,A6_4,,,N,,,,
Behaviour,el_blanket_compare,"Used an electric blanket, hot water bottle or similar when feeling cold rather than putting the heating on or turning it up - Compare to last winter",,A6_5,,,N,,,,
Behaviour,vacant_heatoff_compare,Turned down radiators when rooms are not in use - Compare to last winter,,A6_6,,,N,,,,
Behaviour,occupied_heatoff_compare,Turned down radiators in rooms that are in use - Compare to last winter,,A6_7,,,N,,,,
Behaviour,full_load_compare,Ran the washing machine with a full load rather than running it part full - Compare to last winter,,A6_8,,,N,,,,
Behaviour,compare_30C,Ran the washing machine at 30 degrees or lower - Compare to last winter,,A6_9,,,N,,,,
Behaviour,no_dryer_compare,Dried clothes without using a tumble dryer - Compare to last winter,,A6_10,,,N,,,,
Behaviour,standby_off_compare,Turned appliances off standby when they are not in use - Compare to last winter,,A6_11,,,N,,,,
Behaviour,curtains_blinds_compare,Closed curtains / blinds at night - Compare to last winter,,A6_12,,,N,,,,
Behaviour,shower_no_bath_compare,Taken a shower rather than having a bath - Compare to last winter,,A6_13,,,N,,,,
Behaviour,short_showers_compare,Taken short showers rather than longer showers - Compare to last winter,,A6_14,,,N,,,,
Behaviour,dishwasher_use_compare,Used the dishwasher rather than washing up - Compare to last winter,,A6_15,,,N,,,,
Behaviour,avoid_cooker_oven_compare,Avoided using the cooker or oven when preparing a main meal - Compare to last winter,,A6_16,,,N,,,,
Other,smart_meter_use,"Compared to before this winter, are you using your smart meter In-Home Display/Smart Energy Display?",,A11,,,O,,,,
Housing,no_bathrooms,number of bathrooms,,B1,,,P,,,,
Energy,heating_heatpump,heat pump heating present,,B2_5_yes,Q15_5,,A,26,Yes,18.0,
Energy,heating_add_rep_12m,Has a heating system been added or replaced in your home in the last 12 months?,,B2_1__add_rep,Q15B_1,,Q,26,Yes,25.0,Has been added or replaced in the last 12 months; No; NA
Energy,gas_add_rep_12m,Has a gas boiler been added or replaced in your home in the last 12 months?,,B2_2__add_rep,Q15B_2,,Q,26,Yes,25.0,
Energy,el_storage_add_rep_12m,Have electric storage heaters been added or replaced in your home in the last 12 months?,,B2_3__add_rep,Q15B_3,,Q,26,Yes,25.0,
Energy,el_radiators_add_rep_12m,Have electric radiators been added or replaced in your home in the last 12 months?,,B2_4__add_rep,Q15B_4,,Q,26,Yes,25.0,
Energy,heatpump_add_rep_12m,Has a heat pump been added or replaced in your home in the last 12 months?,,B2_5__add_rep,Q15B_5,,Q,26,Yes,25.0,
Energy,other_el_heat_add_rep_12m,Has another electric heating system been added or replaced in your home in the last 12 months?,,B2_6__add_rep,Q15B_6,,Q,26,Yes,25.0,
Energy,oil_add_rep_12m,Has an oil heating system been added or replaced in your home in the last 12 months?,,B2_7__add_rep,Q15B_7,,Q,26,Yes,25.0,
Energy,solidfuel_add_rep_12m,Has an solid fuel heating system been added or replaced in your home in the last 12 months?,,B2_8__add_rep,Q15B_8,,Q,26,Yes,25.0,
Energy,biomass_add_rep_12m,Has a biomass boiler been added or replaced in your home in the last 12 months?,,B2_9__add_rep,Q15B_9,,Q,26,Yes,25.0,
Energy,district_add_rep_12m,Has district or community heating system been added or replaced in your home in the last 12 months?,,B2_10__add_rep,Q15B_10,,Q,26,Yes,25.0,
Energy,other_add_rep_12m,Has other heating system been added or replaced in your home in the last 12 months?,,B2_11__add_rep,Q15B_11,,Q,26,Yes,25.0,
Energy,solar_panels_electricity,Does your household have solar panels for electricity?,,B3_1_yes,Q16_1,,A,26,Yes,18.0,Survey 2025: What's the difference between the Q16s and Q16Bs?
Energy,solar_water_heating,Does your household have solar water heating?,,B3_2_yes,Q16_2,,A,26,Yes,18.0,
Energy,battery_storage,Does your household have battery storage that is wired into your mains electricity?,,B3_3_yes,Q16_3,,A,26,Yes,18.0,
Energy,EV_point,Does your household have electric vehicle (EV) charging point?,,B3_4_yes,,,A,,,,
Energy,LED_lights,Does your household have LED light bulbs in most of your lights?,,B3_5_yes,Q16_4,,A,26,Yes,18.0,
Energy,radiators_main_living,Does your household have radiators in main living areas?,,B3_6_yes,Q17_4,,A,26,Yes,18.0,
Energy,TRVs_present, Does your household have thermostatic radiator valves on at least half of your radiators?,,B3_7_yes,Q16_5,,A,26,Yes,18.0,
Energy,UFH_main_living,Does your household have underfloor heating in main living areas?,,B3_8_yes,Q16_6,,A,26,Yes,18.0,
Energy,air_heating_main_living,Does your household have warm air heating units in main living areas?,,B3_9_yes,Q16_7,,A,26,Yes,18.0,
Energy,thermostat_present,Does your household have central heating thermostat?,,B3_10_yes,Q17_1,,A,26,Yes,18.0,
Energy,time_clock_present,Does your household have central heating time clock / programmer?,,B3_11_yes,Q17_2,,A,26,Yes,18.0,
Energy,smart_control_present,"Does your household have smart heating control (e.g., Nest, Hive, Tado)?",,B3_12_yes,Q17_3,,A,26,Yes,18.0,
Energy,HW_cylinder_present,Does your household have hot water cylinder?,,B3_13_yes,Q16_8,,A,26,Yes,18.0,
Energy,HWC_insulation_present,Does your household have insulating jacket on hot water cylinder?,,B3_14_yes,Q16_9,,A,26,Yes,18.0,
Energy,HWC_thermostat_present,Does your household have thermostat on hot water cylinder?,,B3_15_yes,Q16_10,,A,26,Yes,18.0,
Energy,solar_panels_add_rep_12m,Have solar panels for electricity been added or replaced in your home in the last 12 months?,,B3_1_add_rep,Q16B_1,,Q,26,Yes,25.0,
Energy,solarwater_add_rep_12m,Has solar water heating been added or replaced in your home in the last 12 months?,,B3_2_add_rep,Q16B_2,,Q,26,Yes,25.0,
Energy,bat_storage_add_rep_12m,Has battery storage that is wired into your mains electricity been added or replaced in your home in the last 12 months?,,B3_3_add_rep,Q16B_3,,Q,26,Yes,25.0,
Energy,EV_point_add_rep_12m,Has electric vehicle (EV) charging point been added or replaced in your home in the last 12 months?,,B3_4_add_rep,,,Q,,,,
Energy,LED_lights_add_rep_12m,Have LED light bulbs in most of your lights been added or replaced in your home in the last 12 months?,,B3_5_add_rep,Q16B_4,,Q,26,Yes,25.0,
Energy,radiators_add_rep_12m,Have radiators in main living areas been added or replaced in your home in the last 12 months?,,B3_6_add_rep,Q16B_5,,Q,26,Yes,25.0,
Energy,TRVs_add_rep_12m,Have thermostatic radiator valves on at least half of your radiators been added or replaced in your home in the last 12 months?,,B3_7_add_rep,,,Q,,,,
Energy,UFH_add_rep_12m,Has underfloor heating in main living areas been added or replaced in your home in the last 12 months?,,B3_8_add_rep,Q16B_6,,Q,26,Yes,25.0,
Energy,air_heaters_add_rep_12m,Have warm air heating units in main living areas been added or replaced in your home in the last 12 months?,,B3_9_add_rep,Q16B_7,,Q,26,Yes,25.0,
Energy,thermostat_add_rep_12m,Has central heating thermostat been added or replaced in your home in the last 12 months?,,B3_10_add_rep,,,Q,,,,
Energy,time_clock_add_rep_12m,Has central heating time clock / programmer been added or replaced in your home in the last 12 months?,,B3_11_add_rep,,,Q,,,,
Energy,smart_control_add_rep_12m,"Has smart heating control (e.g., Nest, Hive, Tado) been added or replaced in your home in the last 12 months?",,B3_12_add_rep,,,Q,,,,
Energy,HWC_add_rep_12m,Has hot water cylinder been added or replaced in your home in the last 12 months?,,B3_13_add_rep,Q16B_8,,Q,26,Yes,25.0,
Energy,HWC_ins_add_rep_12m,Have insulating jacket on hot water cylinder been added or replaced in your home in the last 12 months?,,B3_14_add_rep,Q16B_9,,Q,26,Yes,25.0,
Energy,HWC_thermostat_add_rep_12m,Has thermostat on hot water cylinder been added or replaced in your home in the last 12 months?,,B3_15_add_rep,Q16B_10,,Q,26,Yes,25.0,
,none_sustain_add_rep_12m,Has another sustainable metre been added or replaced in your home in the last 12 months? - None of the above,,,Q16B_11,,,26,,,
,DK_sustain_add_rep_12m,Has another sustainable metre been added or replaced in your home in the last 12 months? - Don't know,,,Q16B_12,,,26,,,
Housing,loft_insulation,Does your household have loft insulation?,,B4_1_yes,Q18_1,,A,26,Yes,18.0,
Housing,cavity_wall_insulation,Does your household have cavity wall insulation?,,B4_2_yes,Q18_2,,A,26,Yes,18.0,
Housing,solid_wall_insulation,Does your household have solid wall insulation?,,B4_3_yes,Q18_3,,A,26,Yes,18.0,
Housing,underfloor_insulation,Does your household have underfloor insulation?,,B4_4_yes,Q18_4,,A,26,Yes,18.0,
Housing,double_glazing,Does your household have double or secondary glazed windows?,,B4_5_yes,Q18_5,,A,26,Yes,18.0,
Housing,draughtproofing,"Does your household have draughtproofing on windows, doors and/or chimneys?",,B4_6_yes,Q18_6,,A,26,Yes,18.0,
Housing,other_insulation,Other type of insulation?,,B4_7_yes,Q18_7,,A,26,Yes,18.0,
Housing,dk_insulation,Don't know if house has any insulation.,,,Q18_8,,,,,,
Housing,no_insulation,None of the above types of insulation.,,,Q18_9,,,,,,
Housing,loft_ins_add_rep_12m,Has loft insulation been added or replaced in your home in the last 12 months?,,B4_1_add_rep,,,Q,,,,
Housing,cavity_wall_add_rep_12m,Has cavity wall insulation been added or replaced in your home in the last 12 months?,,B4_2_add_rep,,,Q,,,,
Housing,solid_wall_add_rep_12m,Has solid wall insulation been added or replaced in your home in the last 12 months?,,B4_3_add_rep,,,Q,,,,
Housing,underfloor_add_rep_12m,Has underfloor insulation been added or replaced in your home in the last 12 months?,,B4_4_add_rep,,,Q,,,,
Housing,double_glazing_add_rep_12m,Have double or secondary glazed windows been added or replaced in your home in the last 12 months?,,B4_5_add_rep,,,Q,,,,
Housing,draughtproofing_add_rep_12m,"Has draughtproofing on windows, doors and/or chimneys been added or replaced in your home in the last 12 months?",,B4_6_add_rep,,,Q,,,,
Housing,other_ins_add_rep_12m,Has other type of insulation been added or replaced in your home in the last 12 months?,,B4_7_add_rep,,,Q,,,,
Housing,mould_windows_bathroom,Do you have mould around the windows or in the bathroom?,,B6_1,Q12R1,,H,34,Yes,19.0,
Housing,mould_walls,Do you have mould on any walls?,,B6_2,Q12R2,,H,34,Yes,19.0,
Housing,mould_furnishing,Do you have mould on furnishings?,,B6_3,Q12R3,,H,34,Yes,19.0,
Finance,annual_income,Select option that corresponds with your recent gross household annual income?,,C1,Q48,,I,35,Yes,20.0,"SURVEY 2023 Answer: Below £10,000; £10,001 to £20,000; £20,001 to £30,000; £30,001 to £40,000; £40,001 to £50,000; £50,001 to £60,000; £60,001 to £70,000; £70,001 to £80,000; £80,001 to £90,000; £90,0001 to £100,000; Above £100,000; Prefer not to answer"
Finance,payment_method_el,Which of these methods do you use to pay for your energy? - electricity,,C2_electricity,Q46R2,,J,36,Yes,21.0,
Finance,payment_method_gas,Which of these methods do you use to pay for your energy? - gas,,C2_gas,Q46R1,,J,36,Yes,21.0,
Comfort,thermal_comfort,"During the cold winter weather, can you normally keep comfortably warm in your living room?",,C3,Q23,,E,37,Yes,26.0,
Housing,heating_difficulty_home,Do you feel your home is difficult to heat?,,C4_1,Q24_1,,K,26,Yes,22.0,
Finance,heating_affordability,Do you feel it is difficult to afford the fuel to heat your home?,,C4_2,Q24_2,,K,26,Yes,22.0,
Comfort,no_comfort_answer,"Prefer not to say, why not warm.",,C4_3,Q24_3,,K,26,Yes,22.0,
Comfort,none_above_comfort,None of the above applies for not being warm.,,C4_4,Q24_4,,K,26,Yes,22.0,
Comfort,other_reason_comfort,Other reason for not being warm.,,C4_5,Q24_5,,K,26,Yes,22.0,
Finance,heat_fuel_cost_affordability,How easy or difficult is it for you to meet your heating/fuel costs?,,C5,,,R,,,,
Comfort,leave_home_to_warm,"During this winter, do you leave your home to go to heated spaces elsewhere with the main purpose of keeping warm?",,C6,,,S,,,,
Demographics,age_group_0_5,How many people are there in 0-5 age group in your household?,,D2_0_5,,,F,,,,
Demographics,age_group_6_15,How many people are there in 6-15 age group in your household?,,D2_6-15,,,F,,,,For 2023 Survey the column is:D2_6_15 in the dataframe. Dictionary has typo.
Demographics,age_group_0_15,How many people are there in 0-15 age group in your household?,,,Q1R1,,,,,,
Demographics,age_group_16_24,How many people are there in 16-24 age group in your household?,,D2_16-24,Q1R2,,This is just the number of people in that age group. Does not need numeric coding.,This is just the number of people in that age group. Does not need numeric coding.,No,,For 2023 Survey the column is:D2_16_24 in the dataframe. Dictionary has typo.
Demographics,age_group_25_44,How many people are there in 24-44 age group in your household?,,D2_24_44,Q1R3,,This is just the number of people in that age group. Does not need numeric coding.,This is just the number of people in that age group. Does not need numeric coding.,No,,For 2023 Survey the column is:D2_25_44 in the dataframe. Dictionary has typo.
Demographics,age_group_45_64,How many people are there in 45-64 age group in your household?,,D2_45-64,Q1R4,,This is just the number of people in that age group. Does not need numeric coding.,This is just the number of people in that age group. Does not need numeric coding.,No,,For 2023 Survey the column is:D2_45_64 in the dataframe. Dictionary has typo.
Demographics,age_group_65_74,How many people are there in 65-74 age group in your household?,,D2_65_74,Q1R5,,F,This is just the number of people in that age group. Does not need numeric coding.,No,,
Demographics,age_group_75_84,How many people are there in 75-85 age group in your household?,,D2_75_85,Q1R6,,This is just the number of people in that age group. Does not need numeric coding.,This is just the number of people in that age group. Does not need numeric coding.,No,,For 2023 Survey the column is:D2_75_84 in the dataframe. Dictionary has typo.
Demographics,age_group_85plus,How many people are there over 85 years old in your household?,,D2_85plus,Q1R7,,F,This is just the number of people in that age group. Does not need numeric coding.,No,,
Demographics,WFH_situation,Does anyone in your household work in the following ways? Always work from home; Sometimes work from home; Never work from home; Not applicable /prefer not to say,,D4,,,T,,,,
Energy,no_EVs,How many plug-in electric vehicles does your household have?,,D5,Q34,,L,38,Yes,23.0,
Energy,no_EVs_12m,How many of the EVs has your household acquired in the last 12 months?,,D6,,,L,,,,
Health,life_satisfaction,"Overall, how satisfied are you with your life nowadays, where 0 is 'not at all satisfied' and 10 is 'completely satisfied'?",,E2,Q37,,M,39,Yes,24.0,
Health,life_worthwhile_score,"Overall, to what extent do you feel that the things you do in your life are worthwhile, where 0 is 'not at all worthwhile' and 10 is 'completely worthwhile'?",,E3,Q38,,M,39,Yes,24.0,
Demographics,weekday_occupancy,Is there usually at least one person in the home on a weekday?,,,Q3,,,,,,
Demographics,weekday_occ_frequency,How often is at least one adult in your household working or engaging in other activities (e.g. childcare) from home on a weekday?,,,Q4,,,,,,
Demographics,no_pets,Do you have any pets that live with your household? No,,,Q5_1,,,,,,
Demographics,dog,Do you have dog?,,,Q5_2,,,,,,
Demographics,cat,Do you have cat?,,,Q5_3,,,,,,
Demographics,rabbit,Do you have rabbit?,,,Q5_4,,,,,,
Demographics,indoor_bird,Do you have indoor bird?,,,Q5_5,,,,,,
Demographics,guinea_pigs,Do you have guinea pigs?,,,Q5_6,,,,,,
Demographics,hamsters,Do you have hamsters?,,,Q5_7,,,,,,
Demographics,tortoises_turtles,Do you have tortoises and turtles?,,,Q5_8,,,,,,
Demographics,lizard,Do you have lizard?,,,Q5_9,,,,,,
Demographics,snake,Do you have snake?,,,Q5_10,,,,,,
Demographics,domestic_fowl,Do you have domestic fowl?,,,Q5_11,,,,,,
Demographics,indoor_fish,Do you have indoor fish?,,,Q5_12,,,,,,
Demographics,other_pets,Do you have other pets?,,,Q5_13,,,,,,
Housing,building_type,What type of accommodation do you live in?,,,Q6,,,,,,
Housing,self_contained_accom,Is your accommodation self-contained?,,,Q7,,,,,,
Housing,no_bedrooms,How many of the rooms in your accommodation are bedrooms?,,,Q8,,,,,,
Housing,no_bathrooms_bath_shower,How many bathrooms do you have with a plumbed in bath or shower?,,,Q9,,,,,,Could be B1-Survey 2023.
Housing,own_rent_house?,Do you (or your household) own or rent this accommodation?,,,Q10,,,,,,
Housing,building_age,Approximately when do you think your accommodation was built?,,,Q11,,,,,,
Appliances,el_induction_hob,Appliances in accommodation - Kitchen - Electric Induction Hob,,,Q13_4,,,,,,
Appliances,other_kitchen_appliance,Appliances in accommodation - Kitchen - Other,,,Q13_6,,,,,,
Appliances,microwave,Appliances in accommodation - Kitchen - Microwave,,,Q13_30,,,,,,Derived from Q13_6.
Appliances,air_fryer,Appliances in accommodation - Kitchen - Air fryer,,,Q13_31,,,,,,Derived from Q13_6.
Appliances,slow_cooker,Appliances in accommodation - Kitchen - Slow cooker,,,Q13_32,,,,,,Derived from Q13_6.
Appliances,smart_plug,Appliances in accommodation - Kitchen - Smart plug,,,Q13_33,,,,,,Derived from Q13_6.
Appliances,smart_thermostat,Appliances in accommodation - Kitchen - Smart thermostat,,,Q13_34,,,,,,Derived from Q13_6.
Appliances,el_drying_rack,Appliances in accommodation - Laundry - Electric Drying Rack (heated airer),,,Q13_13,,,,,,
Appliances,iron,Appliances in accommodation - Laundry - Electric Iron,,,Q13_14,,,,,,
Appliances,vacuum_cleaner,Appliances in accommodation - Housework - Vacuum Cleaner,,,Q13_15,,,,,,
Appliances, electric_shower,Appliances in accommodation - Electric Shower,,,Q13_16,,,,,,
Appliances,smart_speakers,Appliances in accommodation - Smart home assistants / speakers (e.g. Alexa),,,Q13_19,,,,,,
Appliances,other_smart_eqp,"Appliances in accommodation - Other smart home solutions, like smart plugs or app enabled appliances:",,,Q13_20,,,,,,
Appliances,dehumidifier,Appliances in accommodation - Air quality - Dehumidifier,,,Q13_23,,,,,,
Appliances,humidifier,Appliances in accommodation - Air quality - Humidifier,,,Q13_24,,,,,,
Appliances,electric_heater,Appliances in accommodation - Heating - Electric Heater,,,Q13_25,,,,,,
Appliances,e_scooter,Appliances in accommodation - Transport - E-scooter,,,Q13_26,,,,,,
Appliances,e_bike,Appliances in accommodation - Transport - E-bike,,,Q13_27,,,,,,
Appliances,e_cargo_bike,Appliances in accommodation - Transport - E-cargo bike,,,Q13_28,,,,,,
Environment,private_garden_access,Does your household have access to a private garden?,,,Q14_1,,,,,,
Environment,shared_garden_access,Does your household have access to a shared garden?,,,Q14_2,,,,,,
Environment,balcony_terrace_access,"Does your household have access to a private balcony, private small patio, or private roof terrace?",,,Q14_3,,,,,,
Environment,shared_terrace_access,Does your household have access to a shared roof terrace?,,,Q14_4,,,,,,
Environment,green_space_access,"Does your household have access to a park, wood, or other green space your household can access within easy walking distance of your home?",,,Q14_5,,,,,,
Environment,no_garden_park_access,Household has no access in green spaces (all of the above).,,,Q14_6,,,,,,
Energy,no_sustainable_present,Does your household have other sustainable solutions? No sustainable solution,,,Q16_11,,,,,,
Energy,dk_sustainable_present,Does your household have other sustainable solutions? Don't know,,,Q16_12,,,,,,
Energy,house_heat_zones,Can different zones of the house be independently heated to different temperatures at different times?,,,Q17_5,,,,,,
Energy,boiler_flow_temp_adjust,Can the boiler flow temperature be adjusted?,,,Q17_6,,,,,,
Energy,no_heat_controls,Does your household have heating controls? No,,,Q17_7,,,,,,The exact question is: None of the above in dictionary
Energy,dk_heat_controls,Does your household have heating controls? Don't know,,,Q17_8,,,,,,
Behaviour,electric_oven_use,"When you are working or engaging in other activities (e.g. childcare) from home on weekdays, do you tend to use the electric oven at a different time of day compared to weekdays when you are away from home?",,,Q20_1,,,,,,
Behaviour,gas_oven_use,"When you are working or engaging in other activities (e.g. childcare) from home on weekdays, do you tend to use the gas oven at a different time of day compared to weekdays when you are away from home?",,,Q20_2,,,,,,
Behaviour,electric_hob_use,"When you are working or engaging in other activities (e.g. childcare) from home on weekdays, do you tend to use the electric hob at a different time of day compared to weekdays when you are away from home?",,,Q20_3,,,,,,
Behaviour,el_induction_hob_use,"When you are working or engaging in other activities (e.g. childcare) from home on weekdays, do you tend to use the electric induction hob at a different time of day compared to weekdays when you are away from home?",,,Q20_4,,,,,,
Behaviour,gas_hob_use,"When you are working or engaging in other activities (e.g. childcare) from home on weekdays, do you tend to use the gas hob at a different time of day compared to weekdays when you are away from home?",,,Q20_5,,,,,,
Behaviour,other_kitchen_apps_use,"When you are working or engaging in other activities (e.g. childcare) from home on weekdays, do you tend to use other kitchen appliances (e.g. Micorwave/ Air fryer/ Instant pot) at a different time of day compared to weekdays when you are away from home?",,,Q20_6,,,,,,
Behaviour,dishwasher_use,"When you are working or engaging in other activities (e.g. childcare) from home on weekdays, do you tend to use the dishwasher at a different time of day compared to weekdays when you are away from home?",,,Q20_7,,,,,,
Behaviour,fridge_use,"When you are working or engaging in other activities (e.g. childcare) from home on weekdays, do you tend to use the fridge or combined fridge freezer at a different time of day compared to weekdays when you are away from home?",,,Q20_8,,,,,,
Behaviour,freezer_use,"When you are working or engaging in other activities (e.g. childcare) from home on weekdays, do you tend to use the separate stand-alone freezer at a different time of day compared to weekdays when you are away from home?",,,Q20_9,,,,,,
Behaviour,washer_dryer_use,"When you are working or engaging in other activities (e.g. childcare) from home on weekdays, do you tend to use the combined clothes washer dryer at a different time of day compared to weekdays when you are away from home?",,,Q20_10,,,,,,
Behaviour,washer_use,"When you are working or engaging in other activities (e.g. childcare) from home on weekdays, do you tend to use the washing machine at a different time of day compared to weekdays when you are away from home?",,,Q20_11,,,,,,
Behaviour,dryer_use,"When you are working or engaging in other activities (e.g. childcare) from home on weekdays, do you tend to use the tumble dryer at a different time of day compared to weekdays when you are away from home?",,,Q20_12,,,,,,
Behaviour,heated_airer_use,"When you are working or engaging in other activities (e.g. childcare) from home on weekdays, do you tend to use the electric drying rack (heated airer) at a different time of day compared to weekdays when you are away from home?",,,Q20_13,,,,,,
Behaviour,iron_use,"When you are working or engaging in other activities (e.g. childcare) from home on weekdays, do you tend to use the iron at a different time of day compared to weekdays when you are away from home?",,,Q20_14,,,,,,
Behaviour,vacuum_use,"When you are working or engaging in other activities (e.g. childcare) from home on weekdays, do you tend to use the vacuum cleaner at a different time of day compared to weekdays when you are away from home?",,,Q20_15,,,,,,
Behaviour,el_shower_use,"When you are working or engaging in other activities (e.g. childcare) from home on weekdays, do you tend to use the electric shower at a different time of day compared to weekdays when you are away from home?",,,Q20_16,,,,,,
Behaviour,PC_use,"When you are working or engaging in other activities (e.g. childcare) from home on weekdays, do you tend to use the laptop/computer(s) at a different time of day compared to weekdays when you are away from home?",,,Q20_17,,,,,,
Behaviour,TV_use,"When you are working or engaging in other activities (e.g. childcare) from home on weekdays, do you tend to use the TV at a different time of day compared to weekdays when you are away from home?",,,Q20_18,,,,,,
Behaviour,smart_speakers_use,"When you are working or engaging in other activities (e.g. childcare) from home on weekdays, do you tend to use the smart home assistants / speakers (e.g. Alexa) at a different time of day compared to weekdays when you are away from home?",,,Q20_19,,,,,,
Behaviour,other_device_use,"When you are working or engaging in other activities (e.g. childcare) from home on weekdays, do you tend to use other smart home solutions, like smart plugs or app enabled appliances, at a different time of day compared to weekdays when you are away from home?",,,Q20_20,,,,,,
Behaviour,aircon_use,"When you are working or engaging in other activities (e.g. childcare) from home on weekdays, do you tend to use the air conditioning unit at a different time of day compared to weekdays when you are away from home?",,,Q20_21,,,,,,
Behaviour,cool_fan_use,"When you are working or engaging in other activities (e.g. childcare) from home on weekdays, do you tend to use the cooling fan at a different time of day compared to weekdays when you are away from home?",,,Q20_22,,,,,,
Behaviour,dehumidifier_use,"When you are working or engaging in other activities (e.g. childcare) from home on weekdays, do you tend to use the dehumidifier at a different time of day compared to weekdays when you are away from home?",,,Q20_23,,,,,,
Behaviour,humidifier_use,"When you are working or engaging in other activities (e.g. childcare) from home on weekdays, do you tend to use the humidifier at a different time of day compared to weekdays when you are away from home?",,,Q20_24,,,,,,
Behaviour,el_heater_use,"When you are working or engaging in other activities (e.g. childcare) from home on weekdays, do you tend to use the electric heater at a different time of day compared to weekdays when you are away from home?",,,Q20_25,,,,,,
Behaviour,e_scooter_use,"When you are working or engaging in other activities (e.g. childcare) from home on weekdays, do you tend to use the electric heater at a different time of day compared to weekdays when you are away from home?",,,Q20_26,,,,,,
Behaviour,e_bike_use,"When you are working or engaging in other activities (e.g. childcare) from home on weekdays, do you tend to use the e-bike at a different time of day compared to weekdays when you are away from home?",,,Q20_27,,,,,,
Behaviour,e_cargo_bike_use,"When you are working or engaging in other activities (e.g. childcare) from home on weekdays, do you tend to use the e-cargo bike at a different time of day compared to weekdays when you are away from home?",,,Q20_28,,,,,,
Behaviour,no_diff_use,"When you are working or engaging in other activities (e.g. childcare) from home on weekdays, do you tend to use or charge any of these appliances at a different time of day compared to weekdays when you are away from home? No",,,Q20_29,,,,,,The exact question is: None of the above in dictionary
Behaviour,microwave_use,"When you are working or engaging in other activities (e.g. childcare) from home on weekdays, do you tend to use the microwave at a different time of day compared to weekdays when you are away from home?",,,Q20_30,,,,,,Derived from Q20_20.
Behaviour,air_fryer_use,"When you are working or engaging in other activities (e.g. childcare) from home on weekdays, do you tend to use the air fryer at a different time of day compared to weekdays when you are away from home?",,,Q20_31,,,,,,Derived from Q20_20.
Behaviour,slow_cooker_use,"When you are working or engaging in other activities (e.g. childcare) from home on weekdays, do you tend to use the slow cooker at a different time of day compared to weekdays when you are away from home?",,,Q20_32,,,,,,Derived from Q20_20.
Behaviour,smart_plug_use,"When you are working or engaging in other activities (e.g. childcare) from home on weekdays, do you tend to use the smart plug at a different time of day compared to weekdays when you are away from home?",,,Q20_33,,,,,,Derived from Q20_20.
Behaviour,smart_thermostat_use,"When you are working or engaging in other activities (e.g. childcare) from home on weekdays, do you tend to use the smart thermostat at a different time of day compared to weekdays when you are away from home?",,,Q20_34,,,,,,Derived from Q20_20.
Behaviour,smart_display_use_freq,"How often, if at all, do you or anyone in your household look at information about how much energy you are using (or your credit balance) through your smart meter In-Home Display/Smart Energy Display?",,,Q21,,,,,,Could be A11-Survey 2023. But the one talks about use and the other frequancy. There is similarity though.
Behaviour,heating_hours,"During the winter months, for how many hours a day do you typically heat your home?",,,Q26,,,,,,
Behaviour,dk_heating_hours,"During the winter months, for how many hours a day do you typically heat your home? - Don't know",,,Q26DK_1,,,,,,
Behaviour,heat_off_unoccupied,"When your home is unoccupied for a day or more, turn the heating down or off?",,,Q28R3,,,,,,
Housing,summer_overheating,During the summer does it ever get uncomfortably hot inside your home?,,,Q29,,,,,,
Behaviour,summer_windows,"In the summer, do you open the windows to keep the home cool?",,,Q30R1,,,,,,
Behaviour,summer_fans,"In the summer, do you switch on fan(s) to keep the home cool?",,,Q30R2,,,,,,
Behaviour,summer_shutters,"In the summer, do you close shutters to keep the home cool?",,,Q30R3,,,,,,
Behaviour,summer_curtains,"In the summer, do you close curtains to keep the home cool?",,,Q30R4,,,,,,
Behaviour,summer_blinds,"In the summer, do you close blinds to keep the home cool?",,,Q30R5,,,,,,
Behaviour,summer_awning,"In the summer, do you unroll an awning or canopy to keep the home cool?",,,Q30R6,,,,,,
Behaviour,summer_aircon,"In the summer, do you switch on air conditioner to keep the home cool?",,,Q30R7,,,,,,
Behaviour,summer_MVHR,"In the summer, do you use Mechanical Extract Ventilation or Mechanical Ventilation with Heat Recovery systems to keep the home cool?",,,Q30R8,,,,,,
Behaviour,summer_night_windows,"In the summer, are you able to keep yourself cool at night by opening the windows?",,,Q31,,,,,,
Other,no_cars_vans,How many cars and vans does your household own or have available to use?,,,Q32,,,,,,
Other,no_cars_vans_prefernosay,How many cars and vans does your household own or have available to use? - Prefer not to say,,,Q32AREF_1,,,,,,
Environment,private_garage_present,"Private garage, driveway",,,Q33_1,,,,,,
Environment,space_car_park_present,Personal space in a car park,,,Q33_2,,,,,,
Environment,no_allocated_park_space,Car park or parking area without allocated space,,,Q33_3,,,,,,
Environment,controlled_street_parking,On street in a controlled parking zone (e.g. residents` parking zone),,,Q33_4,,,,,,
Environment,street_parking,"On street, where there are no restrictions",,,Q33_5,,,,,,
Environment,other_parking_service,Other parking service (please type in),,,Q33_6,,,,,,
Energy,EV_charge_location,Where does your household mostly charge your electric vehicle(s)?,,,Q35,,,,,,
Health,health_condition,How is your health in general? Is it..,,,Q39,,,,,,
Health,longterm_condition,Do you have any physical or mental health conditions or illnesses lasting or expected to last for 12 months or more?,,,Q40,,,,,,
Health,vision,Is your vision fine?,,,Q41_1,,,,,,
Health,hearing,Is your hearing fine?,,,Q41_2,,,,,,
Health,learning_difficulty,Do you have learning difficulties?,,,Q41_3,,,,,,
Health,mobility,Are you mobile?,,,Q41_4,,,,,,
Health,breathing_problems,Do you have breathing problems?,,,Q41_5,,,,,,
Health,heart_disease,Do you have any heart disease?,,,Q41_6,,,,,,
Health,mental_health_probs,Do you have mental health problems?,,,Q41_7,,,,,,
Health,other_chronic_illness,Do you have any other chronic illness?,,,Q41_8,,,,,,
Health,dk_illness,Do you have any other chronic illness? - Don't know,,,Q41_9,,,,,,
Health,prefernosay_illness,Do you have any other chronic illness? - Prefer not to say,,,Q41_10,,,,,,
Health,hh_others_longterm_condition,Does anyone else in the household have any physical or mental health conditions or illnesses lasting or expected to last for 12 months or more?,,,Q42,,,,,,
Health,hh_others_vision,Do other household members have any issues with their vision?,,,Q43_1,,,,,,
Health,hh_others_hearing,Do other household members have any issues with their hearing?,,,Q43_2,,,,,,
Health,hh_others_learning_difficulty,Do other household members have any issues with learning?,,,Q43_3,,,,,,
Health,hh_others_mobility,Do other household members have any issues with their vision?,,,Q43_4,,,,,,
Health,hh_others_breathing_problems,Do other household members have any issues with their breathing?,,,Q43_5,,,,,,
Health,hh_others_heart_disease,Do other household members have any heart disease?,,,Q43_6,,,,,,
Health,hh_others_mental_probs,Do other household members have any mental health problems?,,,Q43_7,,,,,,
Health,hh_others_other_chronic_illness,Do other household members have any other chronic illness?,,,Q43_8,,,,,,
Health,dk_hh_others_illness,Do other household members have any other chronic illness? - Don't know,,,Q43_9,,,,,,
Health,prefernosay_hh_others_illness,Do other household members have any other chronic illness? - Prefer not to say,,,Q43_10,,,,,,
Demographics,ethnic_group,To which ethnic group do you belong?,,,Q45,,,,,,
Finance,time_dependence_energy_price,"Does the price you pay for your electricity depend on the time of day it is used? (for example, cheaper overnight or when there is less demand)",,,Q46B,,,,,,
Energy,thermostat_use,Do you use the central heating thermostat?,,,Q17B_1,,,,,,
Energy,time_clock_use,Do you use the central heating time clock/ programmer?,,,Q17B_2,,,,,,
Energy,smart_control_use,"Do you use the smart heating control (e.g., Nest, Hive, Tado)",,,Q17B_3,,,,,,
Energy,TRVs_use,Do you use the thermostatic radiator valves (TRVs) on more than half of radiators?,,,Q17B_4,,,,,,
Energy,house_heat_zones_use,Do you use different zones of the house that can independently heated to different temperatures at different time?,,,Q17B_5,,,,,,
Energy,boiler_flow_temp_use,Do you use the boiler flow temperature that can be adjusted?,,,Q17B_6,,,,,,
Energy,no_heat_controls_use,You don't use none of the above.,,,Q17B_7,,,,,,
Energy,dk_use_of_heat_controls,You don't know.,,,Q17B_8,,,,,,
